Elevation,Aspect,Slope,Horizontal_Distance_To_Hydrology,Vertical_Distance_To_Hydrology,Horizontal_Distance_To_Roadways,Hillshade_9am,Hillshade_Noon,Hillshade_3pm,Horizontal_Distance_To_Fire_Points,Wilderness_Area,Soil_Type,Cover_Type
2067,0,21,270,9,755,184,196,145,900,Cache,C2702,5
2574,0,2,319,20,1419,216,235,156,1595,Commanche,C2703,4
2559,0,0,510,16,1113,218,238,156,1332,Commanche,C2703,2
2647,0,6,402,94,641,212,229,155,1104,Commanche,C2703,2
2651,0,3,335,103,488,215,233,156,1381,Commanche,C2703,2
2647,0,6,417,94,648,212,229,155,1082,Commanche,C2703,2
2639,0,10,366,80,589,206,222,154,1041,Commanche,C2703,2
2590,0,2,201,13,1200,216,235,156,1719,Commanche,C2703,1
2447,0,4,0,0,631,213,232,156,711,Commanche,C2705,5
2501,0,6,228,31,1012,211,228,155,930,Commanche,C2705,1
2500,0,4,30,3,1746,213,232,156,886,Commanche,C2705,5
2641,0,1,90,15,1518,217,236,156,182,Commanche,C2705,2
2346,0,1,0,0,1315,217,236,156,551,Cache,C2717,3
2511,0,13,212,42,42,200,215,152,524,Cache,C2717,1
2266,0,25,162,100,1045,175,185,140,738,Cache,C2717,2
2381,0,16,297,32,1397,195,209,150,592,Cache,C2717,2
2406,0,7,319,165,382,210,228,155,1892,Cache,C2717,2
2504,0,3,90,10,516,215,234,156,1443,Cache,C2717,5
2458,0,8,516,188,937,208,225,154,1055,Cache,C2717,5
2395,0,0,60,6,1170,218,238,156,1054,Cache,C2717,2
2352,0,5,201,58,942,213,231,156,577,Cache,C2717,3
2365,0,17,212,53,1337,194,207,149,391,Cache,C2717,5
2361,0,6,175,22,1390,212,229,155,384,Cache,C2717,2
2919,0,1,376,16,4644,217,236,156,4773,Rawah,C3501,1
2909,0,4,390,3,4633,214,232,156,4264,Rawah,C3502,1
2906,0,6,247,3,4764,212,229,155,4795,Rawah,C3502,1
2903,0,1,190,3,5295,217,236,156,4126,Rawah,C3502,1
2916,0,0,268,3,4948,218,238,156,2799,Rawah,C3502,0
2906,0,3,201,6,5289,215,234,156,4103,Rawah,C3502,1
2547,0,1,60,4,492,217,236,156,1194,Rawah,C4201,1
2545,0,4,108,8,600,213,232,156,1026,Rawah,C4201,1
2769,0,18,95,17,902,190,203,147,2029,Commanche,C4703,0
2892,0,17,716,162,270,194,207,149,1302,Commanche,C4703,1
2636,0,15,212,40,2292,196,210,150,1536,Commanche,C4703,1
2269,0,12,0,0,277,202,217,152,390,Cache,C4703,2
2422,0,13,300,113,402,201,216,152,324,Cache,C4703,2
2349,0,23,124,61,366,180,190,143,495,Cache,C4703,2
2452,0,22,175,43,541,182,193,144,1358,Cache,C4703,5
2240,0,20,95,-25,853,186,198,146,382,Cache,C4703,2
2767,0,3,458,115,2018,215,234,156,2042,Commanche,C4703,5
2694,0,18,283,82,2474,192,205,148,1418,Commanche,C4703,1
2421,0,26,313,78,726,173,183,139,626,Cache,C4703,5
2283,0,33,458,126,626,154,160,129,618,Cache,C4703,2
2231,0,35,150,87,1224,147,151,125,1426,Cache,C4703,2
2760,0,13,90,8,1489,201,216,152,1486,Commanche,C4703,0
2107,0,15,30,7,391,196,210,150,391,Cache,C4703,5
2572,0,22,390,158,218,183,194,144,808,Cache,C4703,1
2171,0,22,297,160,457,183,194,144,618,Cache,C4703,2
2447,0,14,108,23,810,199,214,151,1231,Cache,C4703,2
2401,0,30,480,195,1110,161,168,132,201,Cache,C4703,2
2332,0,17,150,70,1173,194,207,149,677,Cache,C4703,5
2239,0,34,150,67,841,153,158,128,1110,Cache,C4703,5
2609,0,30,120,34,1718,161,168,132,1354,Commanche,C4703,1
1975,0,39,124,91,150,138,141,120,127,Cache,C4703,2
2272,0,22,67,20,150,182,193,144,997,Cache,C4703,1
2066,0,19,175,68,424,188,200,147,631,Cache,C4703,5
2279,0,32,234,90,960,157,164,130,1374,Cache,C4703,2
2205,0,18,30,5,1541,190,203,147,895,Cache,C4703,2
2117,0,27,216,-63,661,171,179,137,633,Cache,C4703,5
2535,0,13,134,16,1834,200,215,152,1907,Commanche,C4703,1
2165,0,36,60,37,1249,146,150,124,1418,Cache,C4703,2
2393,0,1,90,11,192,217,236,156,335,Commanche,C4703,5
2488,0,27,342,126,767,169,178,137,1291,Cache,C4703,2
2901,0,17,732,171,300,194,207,149,1321,Commanche,C4703,1
2811,0,25,175,52,3000,175,185,140,532,Commanche,C4703,1
2552,0,9,0,0,1978,206,222,154,497,Commanche,C4703,5
2780,0,10,175,9,2798,206,222,154,2255,Commanche,C4703,1
2674,0,20,313,69,2389,186,198,146,1485,Commanche,C4703,1
2910,0,17,774,180,309,194,207,149,1364,Commanche,C4703,1
2760,0,14,90,11,1495,199,213,151,1464,Commanche,C4703,0
2263,0,34,420,106,708,150,155,127,854,Cache,C4703,2
2593,0,10,360,77,1782,205,221,153,2032,Commanche,C4704,1
2802,0,13,726,68,360,200,215,152,1020,Commanche,C4704,1
2593,0,7,300,77,1723,210,227,155,1981,Commanche,C4704,1
2824,0,10,417,89,1892,205,221,153,932,Commanche,C4704,4
2583,0,10,192,40,1953,206,222,154,2093,Commanche,C4704,1
2540,0,9,60,3,1082,208,224,154,2086,Commanche,C4704,1
2577,0,11,216,1,2550,203,219,153,2638,Commanche,C4704,1
2545,0,11,90,10,1057,203,219,153,2105,Commanche,C4704,1
2809,0,12,685,75,390,203,218,152,1061,Commanche,C4704,1
2779,0,15,256,66,1734,196,210,150,1087,Commanche,C4704,4
2590,0,14,124,31,1321,198,212,151,1846,Commanche,C4704,1
2614,0,21,95,40,1361,185,197,145,685,Commanche,C4704,2
2748,0,7,309,58,1489,210,228,155,2003,Commanche,C4704,4
2682,0,7,127,22,1727,210,227,155,6696,Rawah,C4744,0
2621,0,8,60,-8,912,209,226,155,6036,Rawah,C4744,1
3044,0,10,577,53,5671,205,221,153,5286,Rawah,C4744,0
2818,0,2,240,14,3216,216,235,156,6138,Rawah,C4744,1
2949,0,3,335,4,4478,215,234,156,5801,Rawah,C4744,1
2620,0,14,67,22,1509,199,213,151,4984,Rawah,C4744,1
2890,0,5,446,74,3694,212,230,156,3085,Rawah,C4744,1
2866,0,11,108,14,3356,204,220,153,3219,Rawah,C4744,1
2998,0,9,458,79,5051,208,224,154,5825,Rawah,C4744,0
3034,0,5,598,62,5589,213,231,156,6525,Rawah,C4744,1
2965,0,9,537,46,4884,206,222,154,5338,Rawah,C4744,1
2985,0,8,470,66,4747,208,225,154,6225,Rawah,C4744,1
2718,0,7,162,28,2300,210,227,155,4541,Rawah,C4744,1
2724,0,2,255,41,2434,216,234,156,4986,Rawah,C4744,1
2722,0,12,404,33,1931,203,218,152,6014,Rawah,C4744,1
2639,0,9,324,14,1027,207,223,154,1524,Rawah,C4744,1
2605,0,14,95,30,1412,199,213,151,4952,Rawah,C4744,1
2949,0,9,467,56,4277,206,222,154,5688,Rawah,C4744,1
2885,0,4,228,17,3097,214,232,156,3825,Rawah,C4744,1
2792,0,12,182,19,1986,203,218,152,2447,Rawah,C4744,1
2745,0,12,170,85,2542,202,217,152,6784,Rawah,C4744,0
2975,0,1,450,23,4279,217,236,156,5445,Rawah,C4744,1
3014,0,12,531,49,5437,202,217,152,5736,Rawah,C4744,1
2734,0,9,85,15,2278,207,223,154,6817,Rawah,C4744,0
2691,0,6,42,4,1719,211,228,155,3798,Rawah,C4744,1
2735,0,9,210,2,1242,207,223,154,1332,Rawah,C4744,1
2873,0,4,277,62,3993,213,232,156,5356,Rawah,C4744,1
2785,0,1,234,28,3163,217,236,156,5144,Rawah,C4744,1
2647,0,15,67,30,1682,196,210,150,4992,Rawah,C4744,1
2790,0,1,216,13,2268,217,236,156,2571,Rawah,C4744,1
2801,0,3,420,58,3025,215,234,156,6599,Rawah,C4744,1
2722,0,7,212,9,2250,210,227,155,4298,Rawah,C4744,1
2972,0,5,90,7,4975,212,230,156,5708,Rawah,C4744,1
2972,0,11,272,145,5075,204,220,153,4930,Rawah,C4744,0
2978,0,0,313,26,4549,218,238,156,5629,Rawah,C4744,1
3060,0,1,390,69,5783,217,236,156,4751,Rawah,C4744,1
2965,0,1,331,68,4039,217,236,156,5299,Rawah,C4744,1
2959,0,12,182,40,4759,202,217,152,5918,Rawah,C4744,0
2978,0,3,361,53,4207,215,233,156,5341,Rawah,C4744,1
3044,0,4,942,125,5575,213,232,156,5476,Rawah,C4744,1
2816,0,10,277,35,2095,205,221,153,3029,Rawah,C4744,0
3031,0,1,674,112,5252,217,236,156,5809,Rawah,C4744,1
2781,0,5,430,38,2828,213,231,156,6642,Rawah,C4744,0
2647,0,8,283,68,1103,208,225,154,969,Rawah,C4744,1
2952,0,8,577,125,4872,209,226,155,5276,Rawah,C4744,0
3037,0,0,564,65,5547,218,238,156,6445,Rawah,C4744,1
2955,0,9,324,36,4614,206,222,154,6173,Rawah,C4744,1
2697,0,5,120,9,1702,212,230,156,3714,Rawah,C4744,1
2708,0,6,404,17,1873,212,229,155,6039,Rawah,C4744,1
2975,0,5,30,3,5013,213,231,156,6091,Rawah,C4744,1
2717,0,5,60,6,1768,212,230,156,4260,Rawah,C4744,1
3027,0,9,658,108,5275,207,223,154,5686,Rawah,C4744,1
3011,0,1,591,164,5560,217,236,156,5150,Rawah,C4744,0
3027,0,9,745,108,5375,206,222,154,5582,Rawah,C4744,1
2821,0,9,192,45,1871,206,222,154,1909,Rawah,C4744,1
3018,0,3,658,171,5630,215,234,156,5171,Rawah,C4744,0
3245,0,13,604,62,1405,200,215,152,1542,Commanche,C4758,0
2765,0,14,85,9,693,199,213,151,2405,Commanche,C4758,1
2153,0,7,0,0,953,210,228,155,765,Cache,C5101,3
2840,0,12,0,0,4651,202,217,152,4702,Rawah,C6101,1
2404,0,0,0,0,1165,218,238,156,1003,Commanche,C6101,5
2498,0,11,30,1,1224,203,219,153,4424,Rawah,C6101,1
2909,0,0,212,13,5693,218,238,156,6237,Rawah,C6101,0
3218,0,0,90,4,421,218,238,156,1032,Neota,C6101,0
2546,0,13,30,0,300,200,215,152,1861,Rawah,C6101,1
2726,0,15,30,7,2620,196,210,150,2429,Rawah,C6101,1
2975,0,7,0,0,2969,210,228,155,6382,Rawah,C6101,0
2702,0,2,0,0,1321,216,235,156,2421,Commanche,C6102,1
2003,0,9,0,0,60,206,222,154,631,Cache,C6102,2
2695,0,6,0,0,1448,212,229,155,2361,Commanche,C6102,1
2772,0,11,30,3,932,203,219,153,2103,Commanche,C6102,0
2235,0,1,0,0,1556,217,236,156,866,Cache,C6102,3
2811,0,11,60,-1,1690,204,220,153,1731,Commanche,C6102,4
2219,0,14,0,0,1140,199,214,151,384,Cache,C6102,3
2610,0,5,30,0,2021,212,230,156,2690,Commanche,C6102,5
2504,0,4,95,5,691,214,232,156,5572,Rawah,C6731,4
2942,0,4,153,6,4334,213,232,156,5131,Rawah,C7101,1
3222,0,8,30,2,3359,209,226,155,4138,Rawah,C7101,0
3170,0,0,0,0,5627,218,237,156,1753,Rawah,C7101,1
3060,0,3,0,0,4079,215,233,156,679,Rawah,C7101,0
2942,0,7,218,6,4385,210,228,155,5144,Rawah,C7101,1
2940,0,7,30,0,1583,210,227,155,360,Commanche,C7101,0
2998,0,8,339,33,5253,208,225,154,5788,Rawah,C7101,1
3013,0,3,30,1,4210,215,233,156,932,Rawah,C7101,1
3020,0,0,0,0,4198,218,238,156,1064,Rawah,C7101,1
3020,0,0,0,0,4214,218,238,156,1036,Rawah,C7101,1
3155,0,0,30,-3,3482,218,238,156,4760,Rawah,C7101,0
2991,0,1,0,0,5313,217,236,156,4830,Rawah,C7101,0
3172,0,1,30,0,5597,217,236,156,1836,Rawah,C7101,1
3173,0,1,124,-2,5050,217,236,156,2571,Rawah,C7101,0
3136,0,0,0,0,722,218,238,156,2370,Neota,C7101,0
2936,0,16,150,-2,5805,194,208,149,3525,Rawah,C7102,1
2926,0,0,323,7,4189,218,238,156,4752,Rawah,C7102,1
2635,0,8,30,2,1026,209,226,155,1920,Rawah,C7102,1
2945,0,1,514,118,4914,217,236,156,5209,Rawah,C7102,0
2948,0,6,0,0,1557,211,228,155,2134,Commanche,C7102,0
2965,0,10,541,3,3388,205,221,153,5852,Rawah,C7102,0
3031,0,11,42,10,6563,204,220,153,3314,Rawah,C7102,1
2936,0,3,420,21,3719,215,234,156,5763,Rawah,C7102,1
3001,0,8,67,10,6067,209,226,155,3398,Rawah,C7102,1
3008,0,4,644,89,5279,214,232,156,5493,Rawah,C7102,0
3018,0,11,470,-15,6432,204,220,153,3699,Rawah,C7102,0
2886,0,9,42,3,4306,206,222,154,6001,Rawah,C7102,1
2867,0,0,0,0,4168,218,238,156,6044,Rawah,C7102,1
2824,0,6,0,0,3607,212,229,155,6457,Rawah,C7102,1
2922,0,0,0,0,4372,218,238,156,5460,Rawah,C7102,1
2988,0,12,391,69,4992,202,217,152,5824,Rawah,C7102,0
2929,0,9,30,0,4417,206,222,154,1935,Rawah,C7102,1
2922,0,2,42,0,3847,216,235,156,6378,Rawah,C7102,1
2942,0,3,0,0,4830,215,233,156,6062,Rawah,C7102,1
2860,0,11,0,0,4049,204,220,153,6148,Rawah,C7102,1
2608,0,4,60,-1,684,214,232,156,1590,Rawah,C7102,1
2962,0,10,60,10,4516,205,221,153,5392,Rawah,C7102,1
2979,0,9,0,0,3250,208,224,154,1008,Commanche,C7102,0
2903,0,9,30,3,4528,208,224,154,5929,Rawah,C7102,1
2585,0,13,0,0,853,200,215,152,2067,Rawah,C7102,1
3004,0,4,420,-16,6357,213,232,156,3721,Rawah,C7102,0
2695,0,14,30,7,1653,199,214,151,1276,Rawah,C7102,0
2606,0,2,0,0,511,216,234,156,1328,Rawah,C7102,1
3153,0,5,30,4,1332,213,231,156,424,Commanche,C7103,0
2989,0,14,120,25,661,199,214,151,1074,Neota,C7201,1
3121,0,8,390,36,658,209,226,155,967,Neota,C7201,1
3269,0,6,376,26,5859,212,229,155,793,Rawah,C7201,0
3093,0,0,408,69,390,218,238,156,1421,Commanche,C7201,1
3289,0,10,351,66,4549,205,221,153,2110,Commanche,C7201,0
3066,0,4,234,4,240,213,232,156,1231,Commanche,C7201,1
3195,0,10,85,8,5395,206,222,154,967,Rawah,C7201,0
3166,0,16,170,53,1224,195,209,150,1071,Commanche,C7201,0
3121,0,8,330,36,616,209,226,155,939,Neota,C7201,0
3218,0,8,153,4,5541,208,225,154,895,Rawah,C7201,0
3299,0,3,272,34,5674,215,234,156,541,Rawah,C7201,0
3192,0,3,170,-20,2619,215,234,156,2376,Rawah,C7201,0
3293,0,3,390,28,5791,215,234,156,607,Rawah,C7201,0
3266,0,5,404,27,5921,213,231,156,860,Rawah,C7201,0
3067,0,4,258,12,3314,214,232,156,497,Rawah,C7201,0
3092,0,8,150,23,582,209,226,155,1560,Rawah,C7201,1
3088,0,14,67,12,2670,199,213,151,752,Commanche,C7201,0
3201,0,2,234,18,5381,216,234,156,2408,Rawah,C7201,0
3051,0,5,85,3,3220,212,230,156,518,Rawah,C7201,0
3073,0,3,382,16,3412,215,234,156,595,Rawah,C7201,0
3201,0,9,85,7,5462,206,222,154,973,Rawah,C7201,0
3050,0,5,134,2,3166,213,231,156,459,Rawah,C7201,0
3007,0,11,124,16,2126,204,220,153,1146,Commanche,C7201,0
3066,0,7,124,9,3733,210,228,155,537,Commanche,C7201,0
3080,0,3,42,3,4734,215,233,156,1380,Rawah,C7201,0
3101,0,14,60,14,797,198,212,151,1830,Rawah,C7201,1
3051,0,7,150,18,3666,210,227,155,700,Commanche,C7201,0
3065,0,12,339,50,1253,202,217,152,2461,Commanche,C7201,0
3063,0,6,212,5,5106,211,228,155,2613,Rawah,C7201,0
3021,0,4,234,39,228,214,232,156,579,Rawah,C7201,0
3096,0,14,85,13,2684,199,213,151,738,Commanche,C7201,0
3255,0,6,319,20,5929,212,229,155,924,Rawah,C7201,0
3089,0,12,162,26,426,202,217,152,1293,Rawah,C7201,1
3213,0,5,30,2,5664,213,231,156,808,Rawah,C7201,0
3138,0,6,300,53,716,212,229,155,1064,Neota,C7201,0
3275,0,5,573,36,6035,213,231,156,741,Rawah,C7201,0
3125,0,7,430,-52,792,210,227,155,1074,Neota,C7201,0
3255,0,4,212,15,5780,214,232,156,807,Rawah,C7201,0
3268,0,9,108,8,6402,207,223,154,67,Rawah,C7201,0
3068,0,0,42,1,1935,218,237,156,1271,Commanche,C7201,0
3257,0,4,234,15,5778,214,232,156,787,Rawah,C7201,0
3051,0,11,234,36,1216,203,219,153,2560,Commanche,C7201,0
3095,0,5,67,4,3952,212,230,156,1142,Rawah,C7201,0
3250,0,13,830,59,2052,200,215,152,603,Commanche,C7201,0
3116,0,5,95,10,865,213,231,156,1651,Rawah,C7201,0
2855,0,9,85,18,2568,206,222,154,2393,Commanche,C7201,0
3268,0,4,467,31,5979,214,232,156,847,Rawah,C7201,0
3079,0,5,30,3,4678,213,231,156,1337,Rawah,C7201,0
3117,0,7,484,-60,732,210,228,155,1008,Neota,C7201,1
3283,0,1,531,25,5971,217,236,156,633,Rawah,C7201,0
3220,0,8,60,-11,4353,208,225,154,987,Rawah,C7201,0
3141,0,4,108,19,2244,214,232,156,700,Commanche,C7202,0
3087,0,6,30,2,3936,212,229,155,1926,Rawah,C7202,0
3106,0,8,30,3,3328,209,226,155,3073,Rawah,C7202,0
3117,0,10,42,4,4087,205,221,153,1717,Rawah,C7202,0
3024,0,5,0,0,4082,213,231,156,2440,Rawah,C7202,1
3246,0,15,313,48,3078,197,211,150,1448,Commanche,C7202,0
3010,0,1,0,0,5262,217,236,156,2382,Rawah,C7202,0
2943,0,12,300,30,3824,203,218,152,4484,Rawah,C7202,1
3103,0,3,360,18,1321,215,234,156,1354,Neota,C7202,0
3158,0,15,190,21,4326,197,211,150,1705,Rawah,C7202,0
3253,0,5,902,84,1507,213,231,156,2713,Neota,C7202,1
2993,0,6,510,17,5408,211,228,155,1487,Rawah,C7202,1
3136,0,3,67,3,2630,215,234,156,1248,Rawah,C7202,0
3019,0,8,30,-4,841,209,226,155,1476,Neota,C7202,0
3033,0,1,175,-1,2536,217,236,156,1301,Commanche,C7202,1
3090,0,8,67,4,3795,208,225,154,351,Commanche,C7202,0
3186,0,3,30,1,5183,215,233,156,1884,Rawah,C7202,0
3031,0,9,120,11,1350,208,224,154,1057,Commanche,C7202,0
3131,0,10,67,7,2040,205,221,153,2945,Commanche,C7202,0
3206,0,4,30,-8,1001,213,232,156,2475,Commanche,C7202,1
3248,0,11,0,0,1867,204,220,153,1999,Commanche,C7202,0
3266,0,9,90,9,4129,208,224,154,1718,Rawah,C7202,0
2825,0,0,170,-2,794,218,238,156,430,Commanche,C7202,0
2877,0,18,30,2,1200,192,205,148,1836,Commanche,C7202,0
3141,0,7,120,6,484,210,227,155,2393,Neota,C7202,1
3218,0,12,787,50,3952,202,217,152,2220,Rawah,C7202,0
3152,0,8,67,1,2445,208,225,154,2713,Rawah,C7202,0
3124,0,5,67,3,1464,213,231,156,1209,Neota,C7202,0
3167,0,11,268,32,607,204,220,153,2584,Neota,C7202,1
2810,0,8,30,6,1242,209,226,155,1112,Commanche,C7202,1
3165,0,9,270,3,3811,208,224,154,4611,Rawah,C7202,1
3247,0,11,134,58,190,204,220,153,1489,Neota,C7202,0
3289,0,11,240,-9,4242,203,219,153,1528,Rawah,C7202,0
2939,0,2,362,8,2068,216,234,156,997,Commanche,C7202,0
3055,0,2,256,10,3323,216,234,156,1537,Rawah,C7202,1
3360,0,0,95,-5,4535,218,238,156,4219,Commanche,C7202,6
3086,0,15,30,7,2877,197,211,150,2185,Commanche,C7202,0
2978,0,4,0,0,306,213,232,156,832,Rawah,C7202,0
3064,0,5,201,9,3433,213,231,156,1485,Rawah,C7202,1
3175,0,0,108,1,5102,218,238,156,2683,Rawah,C7202,0
3095,0,0,0,0,4672,218,238,156,1624,Rawah,C7202,0
3090,0,5,457,56,1138,213,231,156,1231,Neota,C7202,1
3037,0,0,30,0,2647,218,238,156,895,Commanche,C7202,0
3103,0,3,330,18,1351,215,234,156,1383,Neota,C7202,0
3246,0,9,631,-28,2536,207,223,154,408,Commanche,C7202,0
3116,0,9,660,-58,4179,206,222,154,4256,Rawah,C7202,0
3189,0,12,541,50,4266,202,217,152,3378,Rawah,C7202,0
3157,0,8,67,4,4456,209,226,155,1814,Rawah,C7202,0
3208,0,4,361,7,3971,213,232,156,3131,Rawah,C7202,0
3019,0,5,124,-10,830,212,230,156,1710,Neota,C7202,0
3186,0,8,30,3,4369,208,225,154,1655,Rawah,C7202,0
3139,0,5,60,-2,3275,213,231,156,4221,Rawah,C7202,0
2972,0,9,201,18,2409,208,224,154,1381,Rawah,C7202,0
3086,0,14,0,0,2871,199,214,151,2164,Commanche,C7202,0
3263,0,1,469,47,660,217,236,156,1604,Neota,C7202,0
3098,0,4,454,13,1182,214,232,156,1231,Neota,C7202,1
3072,0,4,216,5,5242,214,232,156,2553,Rawah,C7202,0
3128,0,7,150,10,2324,210,227,155,1956,Commanche,C7202,0
3022,0,3,0,0,5155,215,233,156,2470,Rawah,C7202,0
3043,0,4,765,26,1365,214,232,156,661,Commanche,C7202,1
2926,0,9,127,7,4697,206,222,154,3528,Rawah,C7202,1
2989,0,10,0,0,1996,205,221,153,3509,Rawah,C7202,0
3143,0,13,30,5,2297,200,215,152,2940,Commanche,C7202,0
3073,0,2,0,0,1948,216,235,156,1968,Rawah,C7202,0
3069,0,14,30,7,2824,198,212,151,2164,Commanche,C7202,0
3205,0,5,95,10,4072,212,230,156,3491,Rawah,C7202,0
3178,0,3,60,1,443,215,234,156,1203,Neota,C7202,0
3143,0,2,150,-3,2408,216,234,156,541,Commanche,C7202,0
3277,0,10,124,18,4142,206,222,154,1655,Rawah,C7202,0
2918,0,8,175,14,4208,209,226,155,3882,Rawah,C7202,1
3050,0,6,323,5,1401,211,228,155,2989,Rawah,C7202,0
2920,0,12,60,14,2779,202,217,152,1140,Commanche,C7202,0
3082,0,5,391,39,488,212,230,156,679,Neota,C7202,0
2969,0,5,180,7,5720,213,231,156,2032,Rawah,C7202,0
3064,0,6,30,2,3416,212,229,155,2304,Rawah,C7202,0
2835,0,0,0,0,603,218,238,156,481,Commanche,C7202,1
3042,0,10,150,27,2787,205,221,153,700,Rawah,C7202,0
3020,0,7,270,5,2796,210,228,155,1215,Rawah,C7202,1
2984,0,6,30,2,2490,211,228,155,2233,Commanche,C7202,0
2877,0,15,30,2,3717,196,210,150,2796,Rawah,C7202,1
3096,0,8,170,16,618,208,225,154,1620,Rawah,C7202,1
2945,0,11,67,15,2012,204,220,153,2787,Commanche,C7202,1
3129,0,5,85,1,1485,213,231,156,1167,Neota,C7202,0
3055,0,6,190,23,1110,211,228,155,1376,Neota,C7202,1
3166,0,10,67,8,4521,206,222,154,1782,Rawah,C7202,0
3271,0,10,150,16,4179,206,222,154,1655,Rawah,C7202,0
3179,0,7,120,6,3243,210,228,155,3414,Rawah,C7202,0
3052,0,4,175,15,3409,214,232,156,1617,Rawah,C7202,1
3016,0,5,0,0,4582,212,230,156,2086,Rawah,C7202,1
3137,0,3,67,2,2670,215,234,156,1235,Rawah,C7202,0
3014,0,7,0,0,4557,210,227,155,2090,Rawah,C7202,1
2874,0,13,201,30,3205,201,216,152,2590,Rawah,C7202,1
3102,0,2,360,17,1323,216,235,156,1347,Neota,C7202,0
3074,0,4,228,9,5226,214,232,156,2579,Rawah,C7202,0
2762,0,8,0,0,830,208,225,154,1537,Commanche,C7202,5
2922,0,8,30,-1,1567,208,225,154,277,Commanche,C7202,1
3205,0,9,30,-2,3915,207,223,154,3473,Rawah,C7202,0
2930,0,1,95,10,1289,217,236,156,433,Commanche,C7202,0
3003,0,1,0,0,5216,217,236,156,2550,Rawah,C7202,0
3178,0,5,120,5,3303,212,230,156,3379,Rawah,C7202,0
3332,0,14,162,47,1921,199,214,151,2003,Neota,C7202,0
3026,0,3,30,-1,3137,215,233,156,2520,Commanche,C7202,0
2915,0,11,124,2,4303,203,219,153,2950,Rawah,C7202,1
3175,0,9,153,26,4526,206,222,154,3200,Rawah,C7202,0
3072,0,1,30,0,3557,217,236,156,2271,Rawah,C7202,0
2825,0,10,30,2,2876,206,222,154,4080,Rawah,C7202,1
2958,0,6,60,6,1240,212,229,155,366,Commanche,C7202,0
2905,0,2,272,25,3721,216,234,156,3903,Rawah,C7202,1
3107,0,7,0,0,1890,210,227,155,1831,Commanche,C7202,1
3175,0,14,190,41,2226,198,212,151,2818,Commanche,C7700,0
3039,0,13,42,7,1209,200,215,152,2432,Commanche,C7700,0
3148,0,8,134,7,1546,209,226,155,1050,Neota,C7700,0
3294,0,18,566,157,1129,192,205,148,5310,Neota,C7700,0
3112,0,28,722,41,2806,167,175,135,2521,Commanche,C7700,1
3001,0,28,240,142,774,168,177,137,3248,Commanche,C7700,1
3146,0,17,234,69,1230,193,206,148,255,Commanche,C7700,0
3042,0,13,120,10,990,200,215,152,95,Commanche,C7700,0
2922,0,9,30,0,693,208,224,154,2086,Commanche,C7700,0
3130,0,17,190,32,3532,194,207,149,3152,Commanche,C7700,0
2972,0,16,210,20,4200,195,209,150,2112,Rawah,C7700,1
2877,0,8,0,0,1027,208,225,154,2230,Commanche,C7700,0
3233,0,4,285,35,767,213,232,156,1347,Neota,C7700,1
3039,0,14,228,44,1154,199,214,151,331,Commanche,C7700,0
3224,0,15,930,207,1994,196,210,150,2287,Commanche,C7700,0
2995,0,19,270,43,4173,188,200,147,2125,Rawah,C7700,1
3202,0,15,42,9,1830,196,210,150,1583,Commanche,C7700,0
2805,0,19,216,71,2503,188,200,147,641,Commanche,C7700,1
3032,0,25,210,6,824,176,186,141,1230,Commanche,C7700,0
3230,0,9,384,134,4137,208,224,154,541,Commanche,C7700,0
3152,0,8,150,9,1537,209,226,155,1024,Neota,C7700,0
3103,0,12,67,13,3428,202,217,152,2954,Rawah,C7700,0
3008,0,11,120,13,1050,204,220,153,362,Commanche,C7700,0
3210,0,17,977,193,1921,194,207,149,2277,Commanche,C7700,0
3196,0,16,42,8,1237,195,209,150,1022,Neota,C7700,0
3240,0,10,324,76,2467,205,221,153,2576,Commanche,C7700,0
2971,0,19,212,112,1008,189,201,147,3524,Commanche,C7700,0
3119,0,9,234,33,3535,206,222,154,2795,Rawah,C7700,0
3013,0,11,30,0,1084,203,219,153,2301,Commanche,C7700,0
3238,0,14,997,221,2097,199,213,151,2190,Commanche,C7700,6
2830,0,20,134,17,2854,186,198,146,1922,Commanche,C7700,1
3182,0,16,874,165,1846,195,209,150,2363,Commanche,C7700,0
3141,0,18,509,37,2917,191,204,148,2820,Commanche,C7700,1
3085,0,15,42,6,3522,197,211,150,3001,Commanche,C7700,0
3149,0,19,534,70,1071,189,201,147,1572,Commanche,C7700,0
3129,0,30,745,56,2833,163,171,134,2522,Commanche,C7700,1
3250,0,18,900,47,1710,190,203,147,860,Commanche,C7700,0
3276,0,12,534,112,2461,202,217,152,2395,Commanche,C7700,0
3123,0,9,95,4,3212,206,222,154,3154,Rawah,C7700,0
2707,0,21,90,9,1307,184,195,144,1702,Commanche,C7700,0
2992,0,10,67,-3,964,205,221,153,2210,Commanche,C7700,0
2972,0,9,212,33,6026,206,222,154,3918,Rawah,C7700,0
2824,0,18,256,77,2567,192,205,148,706,Commanche,C7700,1
2782,0,9,108,14,1590,206,222,154,2481,Commanche,C7702,1
3106,0,18,721,102,3980,190,203,147,2547,Rawah,C7745,1
2997,0,6,120,8,1689,212,229,155,1653,Rawah,C7745,0
2709,0,23,60,22,2683,181,192,143,2148,Rawah,C7745,1
3135,0,3,285,0,3767,215,234,156,1348,Rawah,C7745,0
2898,0,12,127,27,2862,202,217,152,1984,Rawah,C7745,1
3047,0,12,616,3,4117,202,217,152,3330,Rawah,C7745,1
3124,0,12,42,3,2126,202,217,152,1919,Rawah,C7745,0
2982,0,8,90,10,4938,208,225,154,4753,Rawah,C7745,1
3152,0,1,362,10,3388,217,236,156,3931,Rawah,C7745,0
3158,0,8,474,14,5855,209,226,155,1027,Rawah,C7745,0
3184,0,4,330,89,4968,214,232,156,1983,Rawah,C7745,0
2834,0,12,42,7,3638,202,217,152,6474,Rawah,C7745,1
2814,0,14,67,10,3428,199,214,151,6417,Rawah,C7745,1
3033,0,10,85,22,4487,205,221,153,566,Rawah,C7745,1
2657,0,18,42,5,1865,192,205,148,2839,Rawah,C7745,1
2991,0,4,134,12,3778,213,232,156,4984,Rawah,C7745,1
2677,0,30,120,51,1326,163,171,134,2605,Rawah,C7745,1
3175,0,1,30,1,5064,217,236,156,2385,Rawah,C7745,0
2683,0,32,30,16,2836,157,163,131,6483,Rawah,C7745,1
3027,0,4,256,71,4090,213,232,156,2416,Rawah,C7745,1
3190,0,9,301,95,4971,208,224,154,1943,Rawah,C7745,0
3126,0,7,255,14,3742,210,228,155,1383,Rawah,C7745,0
3052,0,4,484,83,5456,214,232,156,1060,Rawah,C7745,1
3175,0,14,85,3,4776,199,213,151,1358,Rawah,C7745,0
3037,0,12,150,42,4098,202,217,152,2491,Rawah,C7745,0
3165,0,14,382,69,3961,199,214,151,967,Rawah,C7745,1
3029,0,8,424,50,5309,208,225,154,1134,Rawah,C7745,1
3265,0,9,218,39,3122,206,222,154,2214,Rawah,C7745,0
3116,0,20,108,13,4264,187,199,146,3000,Rawah,C7745,0
2906,0,19,551,198,2934,189,201,147,1706,Rawah,C7745,1
3160,0,3,216,29,3077,215,234,156,870,Rawah,C7745,1
3031,0,12,417,10,3733,202,217,152,2630,Rawah,C7745,1
3307,0,11,212,8,4221,203,219,153,1464,Rawah,C7745,0
2972,0,11,201,30,3450,204,220,153,6521,Rawah,C7745,0
2870,0,9,247,66,3989,206,222,154,5354,Rawah,C7745,1
3280,0,1,270,37,4893,217,236,156,698,Rawah,C7745,1
2811,0,14,90,20,3401,199,213,151,5924,Rawah,C7745,1
2847,0,5,30,0,3892,213,231,156,6099,Rawah,C7745,1
3086,0,15,497,6,3734,197,211,150,4457,Rawah,C7745,0
3070,0,10,577,20,3791,205,221,153,4495,Rawah,C7745,0
3237,0,8,769,93,6122,209,226,155,1410,Rawah,C7745,0
3165,0,7,671,23,3434,210,227,155,3734,Rawah,C7745,0
3008,0,6,127,17,6012,211,228,155,3463,Rawah,C7745,1
3030,0,6,67,4,924,212,229,155,2089,Rawah,C7745,1
3057,0,0,752,53,5894,218,238,156,3867,Rawah,C7745,1
2966,0,7,95,13,1939,210,227,155,1385,Rawah,C7745,1
3168,0,7,573,55,3544,210,228,155,3568,Rawah,C7745,0
3031,0,12,210,27,5243,202,217,152,4463,Rawah,C7745,1
2926,0,14,180,-2,5442,199,213,151,3879,Rawah,C7745,1
2995,0,5,60,3,2821,213,231,156,1604,Rawah,C7745,1
3285,0,6,360,65,3300,211,228,155,2052,Rawah,C7745,0
3136,0,2,150,1,3928,216,235,156,1419,Rawah,C7745,0
3152,0,14,85,10,3161,199,214,151,5060,Rawah,C7745,0
2932,0,7,30,0,3958,210,228,155,5058,Rawah,C7745,1
3041,0,14,437,-2,3631,199,213,151,2738,Rawah,C7745,1
3103,0,21,85,7,4263,184,196,145,2974,Rawah,C7745,0
3011,0,3,600,35,5494,215,234,156,1556,Rawah,C7745,1
2921,0,7,297,15,2346,210,228,155,2435,Rawah,C7745,1
3095,0,6,30,2,4801,212,229,155,2506,Rawah,C7745,1
3224,0,3,503,52,4307,215,233,156,1771,Rawah,C7745,0
3089,0,9,150,6,3807,206,222,154,993,Rawah,C7745,0
2968,0,12,67,9,5831,202,217,152,3561,Rawah,C7745,0
3041,0,7,516,69,5563,210,228,155,3868,Rawah,C7745,0
3011,0,4,30,-1,964,213,232,156,2525,Rawah,C7745,1
3220,0,0,216,23,5360,218,238,156,1209,Rawah,C7745,0
3080,0,15,516,16,3518,197,211,150,2881,Rawah,C7745,1
2821,0,6,201,66,3542,212,229,155,5760,Rawah,C7745,1
3052,0,9,60,11,3188,208,224,154,402,Rawah,C7745,0
2991,0,5,437,115,2678,212,230,156,2207,Rawah,C7745,1
3037,0,12,430,3,3697,202,217,152,2672,Rawah,C7745,1
3272,0,9,518,114,5242,208,224,154,1784,Rawah,C7745,0
3161,0,8,306,17,5991,209,226,155,1006,Rawah,C7745,0
2873,0,14,134,39,3695,199,214,151,5948,Rawah,C7745,1
2801,0,3,120,23,3038,215,234,156,6175,Rawah,C7745,1
3250,0,13,108,17,1956,201,216,152,1392,Rawah,C7745,1
3041,0,17,361,7,4288,194,207,149,3000,Rawah,C7745,1
3142,0,17,175,19,4269,194,207,149,3076,Rawah,C7745,0
3070,0,6,376,71,5329,212,229,155,3550,Rawah,C7745,1
2963,0,5,0,0,1739,213,231,156,1410,Rawah,C7745,1
3134,0,2,150,0,3909,216,235,156,1434,Rawah,C7745,0
3041,0,3,379,21,4415,215,234,156,1260,Rawah,C7745,1
3172,0,12,190,30,3077,202,217,152,5019,Rawah,C7745,0
2761,0,9,182,5,1939,207,223,154,1566,Rawah,C7745,1
2916,0,0,0,0,4562,218,238,156,5442,Rawah,C7745,1
3101,0,14,306,17,1906,198,212,151,2620,Rawah,C7745,0
3230,0,13,150,22,2239,200,215,152,2481,Rawah,C7745,0
2754,0,3,120,15,1379,215,234,156,2334,Rawah,C7745,1
3116,0,13,446,10,3589,201,216,152,4491,Rawah,C7745,0
3067,0,3,351,45,2136,215,234,156,1357,Rawah,C7745,0
2989,0,8,313,30,926,209,226,155,2094,Rawah,C7745,1
3253,0,11,210,24,3201,203,219,153,2224,Rawah,C7745,0
3187,0,2,242,16,4933,216,235,156,2340,Rawah,C7745,0